system,dataset,fold,MAPE,MAE,RMSE
batlik,corona.csv,0,0.03354037246435481,0.048215213852624096,0.06292259293874325
batlik,corona.csv,1,0.03673638263033865,0.0556866688032945,0.0767023625298095
batlik,corona.csv,2,0.031457480449662324,0.045646348812927805,0.06226580499540588
batlik,corona.csv,3,0.03076888201738223,0.04614683954666058,0.06109489563981265
batlik,corona.csv,4,0.03134376530717022,0.04453779916539204,0.05894422595494797
batlik,cranium.csv,0,0.02090371343823208,0.04166897820929686,0.05479790324681151
batlik,cranium.csv,1,0.018818332036404078,0.03847621846944094,0.05160257432130659
batlik,cranium.csv,2,0.019723956979109437,0.0396183899914225,0.05158263142592364
batlik,cranium.csv,3,0.01998597172461972,0.03909959923475981,0.05267815041997271
batlik,cranium.csv,4,0.01895707444512734,0.0382890405605107,0.0500841641343126
batlik,cubus.csv,0,0.019805620834361597,0.12323343629638354,0.16490607018126033
batlik,cubus.csv,1,0.01933782629495188,0.12049305190642674,0.15451588207270486
batlik,cubus.csv,2,0.018631446103898604,0.11517335847020149,0.14738929988140637
batlik,cubus.csv,3,0.02118874619298769,0.1311590038239956,0.16253041220453365
batlik,cubus.csv,4,0.01765145435432818,0.10970948445890343,0.13964165992505903
batlik,flame.csv,0,0.01790437226984335,0.03221583397438129,0.04069786738426966
batlik,flame.csv,1,0.020452746673735377,0.03718591636667649,0.04796605415621723
batlik,flame.csv,2,0.021048723915234446,0.03762504830956459,0.04856011117600631
batlik,flame.csv,3,0.022593426510148784,0.03915675605336825,0.04985225214493454
batlik,flame.csv,4,0.018633694068434927,0.03458838798981111,0.045675376676530426
batlik,france.csv,0,0.02195309354467957,0.07813364701966445,0.1005093403687643
batlik,france.csv,1,0.02078751512396244,0.0721970417847236,0.09319037498359886
batlik,france.csv,2,0.020928806494567045,0.07491117405394714,0.0979732183893942
batlik,france.csv,3,0.022259017157657702,0.08044264403482278,0.10438755813051345
batlik,france.csv,4,0.02328723223461009,0.08058558431680146,0.10391850136493935
batlik,frisco.csv,0,0.03244934072123245,0.1487104600916306,0.19647698039005834
batlik,frisco.csv,1,0.03384994509198821,0.15809195737044016,0.20213807571385625
batlik,frisco.csv,2,0.03148824997233632,0.1454739235341549,0.18872663223138217
batlik,frisco.csv,3,0.036555660005877615,0.16567320314546427,0.20877557489819287
batlik,frisco.csv,4,0.03309953426151171,0.15563246101996916,0.20127632531258666
batlik,jelly.csv,0,0.024132298067106428,0.05030584676812092,0.08914073807669148
batlik,jelly.csv,1,0.022000202451295695,0.03951888935019573,0.057247603070578613
batlik,jelly.csv,2,0.023764927845494655,0.04825054450581471,0.0923626533492509
batlik,jelly.csv,3,0.02415183783606965,0.045205412432551384,0.06697377299666775
batlik,jelly.csv,4,0.023161027573633357,0.041280018131664466,0.06360190203261863
batlik,karte.csv,0,0.018973923982327487,0.22926034654180208,0.29249774538404544
batlik,karte.csv,1,0.019967017522734398,0.24702555437882742,0.3211139346168748
batlik,karte.csv,2,0.018590570274492974,0.23207959160208702,0.30293992373525674
batlik,karte.csv,3,0.018231187573512043,0.22138216470678648,0.2940680140369696
batlik,karte.csv,4,0.020188362508335615,0.25668735105748586,0.34983883920956266
batlik,mandelbrot.csv,0,0.027944556086947705,0.03579134959727526,0.046230141524855654
batlik,mandelbrot.csv,1,0.02032515550118741,0.02634209922204415,0.03395255899956046
batlik,mandelbrot.csv,2,0.020887907716767944,0.026651680779953797,0.034368471971307456
batlik,mandelbrot.csv,3,0.021755087494183967,0.028311922835807007,0.03536763479447143
batlik,mandelbrot.csv,4,0.02041440003039156,0.026788338357412473,0.03457169235079414
batlik,strawberry.csv,0,0.02481494148029852,0.038678789821763836,0.050641152736907995
batlik,strawberry.csv,1,0.023795992010241906,0.03787092429896196,0.0494319489302922
batlik,strawberry.csv,2,0.025511589742955202,0.0406731196368734,0.05229081584591099
batlik,strawberry.csv,3,0.02450099582644315,0.03935272712260485,0.048966839776710784
batlik,strawberry.csv,4,0.024867380377406132,0.04035804632749632,0.051510731135596455
batlik,village.csv,0,0.02112222417478474,0.10173759423196316,0.28696841451789296
batlik,village.csv,1,0.020682201361821476,0.10252377515037854,0.3338863103340683
batlik,village.csv,2,0.028162239418321338,0.11971100543936093,0.2526942841735326
batlik,village.csv,3,0.022106518921325684,0.0990479231501619,0.24137513631434615
batlik,village.csv,4,0.021829066165537793,0.10753946080220275,0.4095520661851083
dconvert,jpeg-large.csv,0,0.02424986495740246,0.08163964466438942,0.11783354962476901
dconvert,jpeg-large.csv,1,0.025721372412985326,0.086843076583992,0.1255193144934172
dconvert,jpeg-large.csv,2,0.024789689361240496,0.08008533350556142,0.1171409162943206
dconvert,jpeg-large.csv,3,0.02586090680475473,0.08779237857150397,0.12620011122385114
dconvert,jpeg-large.csv,4,0.025323289711870176,0.08403191499456146,0.1162538500614755
dconvert,jpeg-medium.csv,0,0.019565261445599873,0.034409407853903985,0.04876062762316706
dconvert,jpeg-medium.csv,1,0.01958310763051881,0.034961975334488894,0.05048612016423963
dconvert,jpeg-medium.csv,2,0.020859524743213103,0.03586620378740964,0.047350995525030914
dconvert,jpeg-medium.csv,3,0.020303507961007727,0.03552267116171646,0.04728413262118989
dconvert,jpeg-medium.csv,4,0.019925929371393765,0.03433956681976657,0.047833808688094295
dconvert,jpeg-small.csv,0,0.03279098539558298,0.014032423562326875,0.01790455331781536
dconvert,jpeg-small.csv,1,0.030901455130165848,0.01334238252812461,0.017860515174485433
dconvert,jpeg-small.csv,2,0.03231395549677802,0.013976535837648537,0.018119926917608702
dconvert,jpeg-small.csv,3,0.03165720951777481,0.013605854705978304,0.01768022582522359
dconvert,jpeg-small.csv,4,0.03141843536337257,0.013496976808683408,0.017577216772134748
dconvert,png-large.csv,0,0.022975464303503335,0.05533361152992897,0.07309174405607416
dconvert,png-large.csv,1,0.022962263405814826,0.056516211559749584,0.0740613178096941
dconvert,png-large.csv,2,0.023427798678773957,0.057299793603591186,0.0751519212912356
dconvert,png-large.csv,3,0.022836185251492766,0.055454111416429745,0.07339286870176588
dconvert,png-large.csv,4,0.02247348123907214,0.05401900490007457,0.0704172893286717
dconvert,png-medium.csv,0,0.025371685143614393,0.016035131454820203,0.0205165251287866
dconvert,png-medium.csv,1,0.026977313270826475,0.017079958454027763,0.021671695760288198
dconvert,png-medium.csv,2,0.025034089916025064,0.01594483671766339,0.020445353267049726
dconvert,png-medium.csv,3,0.02392881527851116,0.015139571160452505,0.01959250840284874
dconvert,png-medium.csv,4,0.03064282888863581,0.019142897039122836,0.024478315717386526
dconvert,png-small.csv,0,0.030200319718936122,0.013607911022169362,0.018108159739667947
dconvert,png-small.csv,1,0.031853303811620194,0.014307468755105999,0.01940565243612085
dconvert,png-small.csv,2,0.03291396858442667,0.014856323302452951,0.020034206396575428
dconvert,png-small.csv,3,0.029987297571291937,0.01329550103002888,0.017591874680417494
dconvert,png-small.csv,4,0.03268546089163307,0.014733372862346073,0.01942037727745375
dconvert,psd-large.csv,0,0.015165204572679065,0.5748375485935479,0.9070770777013212
dconvert,psd-large.csv,1,0.015479151151591607,0.591022319469466,0.9830969798291714
dconvert,psd-large.csv,2,0.014981852476268495,0.564216589804323,0.9120681285343885
dconvert,psd-large.csv,3,0.014673542303469492,0.5539262070976534,0.8876875570208025
dconvert,psd-large.csv,4,0.014474670161807375,0.5544659922108848,0.9290683185620291
dconvert,psd-medium.csv,0,0.02351969184036272,0.030570359205371437,0.039171030382271675
dconvert,psd-medium.csv,1,0.02222248697437224,0.028716084698087094,0.037789148878799486
dconvert,psd-medium.csv,2,0.022990533370855295,0.029433168223057513,0.0377699996903204
dconvert,psd-medium.csv,3,0.02341245349611572,0.03007777734588713,0.038153460141610175
dconvert,psd-medium.csv,4,0.022677838485677535,0.02938958632170096,0.03798090486646459
dconvert,psd-small.csv,0,0.03643854115583179,0.020327477391701845,0.02561247937153635
dconvert,psd-small.csv,1,0.03488893970363087,0.01943077978520418,0.024081270413360927
dconvert,psd-small.csv,2,0.03636139915172199,0.02030476429950548,0.02523828886716258
dconvert,psd-small.csv,3,0.0346491473504272,0.019399100048667135,0.02496262496141621
dconvert,psd-small.csv,4,0.03409603981335825,0.019169220403277662,0.024483047917753884
dconvert,svg-large.csv,0,0.02132146506271465,0.032054562702587774,0.04007300481042025
dconvert,svg-large.csv,1,0.020235054650389807,0.030658112396950734,0.04118407006166101
dconvert,svg-large.csv,2,0.019749865492062323,0.029837082160109513,0.03916485715884689
dconvert,svg-large.csv,3,0.020914537395348865,0.03154969321121926,0.04031014244526654
dconvert,svg-large.csv,4,0.0201540054782721,0.030510728352168608,0.039935889007525385
dconvert,svg-medium.csv,0,0.017517146074330355,0.026898883310671834,0.03385784263135093
dconvert,svg-medium.csv,1,0.01726812756406532,0.026600143685661593,0.03343329968402402
dconvert,svg-medium.csv,2,0.017310237834153405,0.026610821507546255,0.0327606572540723
dconvert,svg-medium.csv,3,0.018097811385489937,0.02787780197831497,0.03511730140194573
dconvert,svg-medium.csv,4,0.016861294000002768,0.02591581827790074,0.03247508321998075
dconvert,svg-small.csv,0,0.024031376536010167,0.013506091707121066,0.017063827875511615
dconvert,svg-small.csv,1,0.02321465716812132,0.01298347155164985,0.016317120056905023
dconvert,svg-small.csv,2,0.02364689221708002,0.013139737573096423,0.016516406794879784
dconvert,svg-small.csv,3,0.021799860315112798,0.012317216449196217,0.016092717079573
dconvert,svg-small.csv,4,0.02281999547999002,0.012742971020513737,0.015919049825223363
h2,smallbank-1.csv,0,0.04164178347503796,791.7532244045716,1015.2133749241295
h2,smallbank-1.csv,1,0.036385228328391105,700.7503746403453,920.4726249549337
h2,smallbank-1.csv,2,0.058848099743033566,1241.5060416999681,2123.5510525718664
h2,smallbank-1.csv,3,0.0394547417673057,758.8561705762468,989.1021185777158
h2,smallbank-1.csv,4,0.0393262150084617,741.6149989983975,982.506286377942
h2,smallbank-10.csv,0,0.02399803456519141,311.5825232776535,427.10509256596805
h2,smallbank-10.csv,1,0.026957130845395447,378.1852971147698,573.0569834120391
h2,smallbank-10.csv,2,0.02300919999721685,313.03831072170715,408.82296865243376
h2,smallbank-10.csv,3,0.029164179966216366,442.2381338914642,850.2700930839557
h2,smallbank-10.csv,4,0.023179227801860974,303.92197265625,406.89017255343924
h2,tpcc-2.csv,0,0.028868896686368564,21.18746206766504,26.850483208454722
h2,tpcc-2.csv,1,0.02770006972284844,20.122904355568654,25.132691628927866
h2,tpcc-2.csv,2,0.030129320087822334,21.855084119245525,27.322248139192247
h2,tpcc-2.csv,3,0.029014487772755705,21.19596406200048,25.952520046007848
h2,tpcc-2.csv,4,0.029856463562436923,21.866449287610177,27.86437428682427
h2,tpcc-8.csv,0,0.20456907090404308,104.12368925407415,199.06737546849908
h2,tpcc-8.csv,1,0.2479177199401399,130.4620403475164,206.1325100009202
h2,tpcc-8.csv,2,0.22710257325000516,122.2220320055247,217.89242500225433
h2,tpcc-8.csv,3,0.22260962819204871,121.08949186125069,192.92279674891336
h2,tpcc-8.csv,4,0.2268962397008368,121.95569516695463,223.49870584496986
h2,voter-16.csv,0,0.018731181985478455,597.645515305307,819.297752165729
h2,voter-16.csv,1,0.017605137722819363,554.2340603021099,769.4905687090117
h2,voter-16.csv,2,0.017924173577019382,601.1190756873401,889.050706709632
h2,voter-16.csv,3,0.01878637405480296,610.4158158168159,858.2602015487466
h2,voter-16.csv,4,0.016059287390189615,517.8366937099358,697.4154016023402
h2,voter-2.csv,0,0.0172975480607599,576.0380534686701,789.6433076365951
h2,voter-2.csv,1,0.01769232643964895,583.3364570012787,877.4100536486956
h2,voter-2.csv,2,0.021060820936101735,661.5383981377877,878.9239400457528
h2,voter-2.csv,3,0.015438778872331515,489.67668538203327,760.4154918886773
h2,voter-2.csv,4,0.01612414724916318,503.9834685496795,671.3992529691653
h2,ycsb-2400.csv,0,0.04377139456956804,628.2293048673274,820.1985917978172
h2,ycsb-2400.csv,1,0.04624088446703766,640.7458689657929,823.4657999480155
h2,ycsb-2400.csv,2,0.04274485073133861,592.6640899736253,750.0853094836056
h2,ycsb-2400.csv,3,0.07079785037296955,987.4497432464834,1740.1197689319831
h2,ycsb-2400.csv,4,0.040671775489901085,561.9300530849359,715.1300765492435
h2,ycsb-600.csv,0,0.047783332296641945,942.8591377277813,1433.4248315363106
h2,ycsb-600.csv,1,0.04552287900212878,931.965448169757,1335.3674320472262
h2,ycsb-600.csv,2,0.041346994788633414,845.9776289761828,1114.7906020345124
h2,ycsb-600.csv,3,0.034842591044412084,711.6392887827685,935.2969041669655
h2,ycsb-600.csv,4,0.03563329954885241,711.0169646434294,948.3354857676647
jump3r,beethoven.wav.csv,0,0.163232232467561,1.7408960932777042,2.492545885623727
jump3r,beethoven.wav.csv,1,0.17288746895827567,1.8103744661140215,2.709823655215918
jump3r,beethoven.wav.csv,2,0.18000079960461762,1.8235892175349349,2.4853887818970266
jump3r,beethoven.wav.csv,3,0.18635347775517772,1.7703801747300485,2.559294838764778
jump3r,beethoven.wav.csv,4,0.17181198126989672,1.728970764930825,2.617494956094017
jump3r,dual-channel.wav.csv,0,0.16907754495189697,0.4889539713660876,0.7086622406973077
jump3r,dual-channel.wav.csv,1,0.1615981388839901,0.46984858976075417,0.6925831936860318
jump3r,dual-channel.wav.csv,2,0.16800465273015786,0.5099176211777688,0.7393457786303699
jump3r,dual-channel.wav.csv,3,0.16015523860273898,0.47232570288718384,0.7087197250242625
jump3r,dual-channel.wav.csv,4,0.15926460070858112,0.45918643964772005,0.6756781216578314
jump3r,helix.wav.csv,0,0.16546475331628904,0.8360338523274377,1.2682160431011695
jump3r,helix.wav.csv,1,0.16851264828493465,0.8826299531383083,1.511808081972192
jump3r,helix.wav.csv,2,0.17085126269186324,0.899506772232283,1.3547452311452657
jump3r,helix.wav.csv,3,0.18269789063362343,0.9725477129256483,1.595135378464647
jump3r,helix.wav.csv,4,0.17992359570172453,0.9258045151172577,1.385144744021953
jump3r,single-channel.wav.csv,0,0.14111415934520624,0.2539881570708184,0.3646287974746986
jump3r,single-channel.wav.csv,1,0.1527341095168174,0.2787656799686964,0.3933405450633674
jump3r,single-channel.wav.csv,2,0.1505612529811399,0.28065767859389584,0.3886148249408935
jump3r,single-channel.wav.csv,3,0.16488902531084265,0.2906206282159853,0.39137666631924256
jump3r,single-channel.wav.csv,4,0.15417821844685176,0.272514140648552,0.37308932642387055
jump3r,speech.wav.csv,0,0.1439591132499908,0.6481437250971794,0.9107414308819174
jump3r,speech.wav.csv,1,0.14178918138859542,0.6749058323196347,0.9495957019439644
jump3r,speech.wav.csv,2,0.14669258192423426,0.6706910040296161,0.9108381683375337
jump3r,speech.wav.csv,3,0.14261052545978903,0.6778636035532718,0.9781165930775593
jump3r,speech.wav.csv,4,0.14729520675805435,0.7055856193348108,1.0160517820613828
jump3r,sweep.wav.csv,0,0.09444438180580382,0.05802301150702295,0.08116134095917955
jump3r,sweep.wav.csv,1,0.09533713457441441,0.05717163894400978,0.07863409468429536
jump3r,sweep.wav.csv,2,0.09304506643246095,0.0569782262053052,0.07847754191148268
jump3r,sweep.wav.csv,3,0.09784356723764553,0.06032071462405026,0.08547112816749453
jump3r,sweep.wav.csv,4,0.09469069170714937,0.05778676157770623,0.08120625161517611
kanzi,ambivert.csv,0,0.08687827189487542,1.1449528479380566,2.320148608821755
kanzi,ambivert.csv,1,0.8031487175526373,6.404363595859067,12.185000792407962
kanzi,ambivert.csv,2,0.09655666045684123,1.11033517198406,2.1054162755552426
kanzi,ambivert.csv,3,0.09537683570267165,1.2179910890993701,2.825829438324092
kanzi,ambivert.csv,4,0.060302661017422376,0.8788258183901617,1.8395514384966924
kanzi,artificl.csv,0,0.04118933651519778,0.02117848918656677,0.04743844959262748
kanzi,artificl.csv,1,0.03821947816965208,0.019765595899824673,0.042395626066921176
kanzi,artificl.csv,2,0.042306102117298,0.020648720191560523,0.04451821451626721
kanzi,artificl.csv,3,0.041408501512124295,0.022203900907959092,0.04816209841155055
kanzi,artificl.csv,4,0.03643367845342355,0.021100332158325363,0.05199692203199473
kanzi,deepfield.csv,0,0.3061188051609042,1.0584361076101498,2.2101457887082807
kanzi,deepfield.csv,1,0.11952328228128092,0.9570185154278107,2.451924381558943
kanzi,deepfield.csv,2,0.10828306798641554,0.9424906302868885,2.547473474796625
kanzi,deepfield.csv,3,0.1064409911747662,0.9369959779482543,2.0529790655975875
kanzi,deepfield.csv,4,0.3451553920426135,1.1245260664653893,2.1601419153994867
kanzi,enwik8.csv,0,0.09272291002816178,1.6444222554473946,3.191390814359548
kanzi,enwik8.csv,1,0.08341783192392441,1.9638697525637987,4.2692042879184235
kanzi,enwik8.csv,2,0.11765775821355877,2.1433187546956276,4.962735111898092
kanzi,enwik8.csv,3,0.08680966713696765,1.9962547441033551,4.382580164763855
kanzi,enwik8.csv,4,0.09588922481231557,2.0608796001278282,4.485021459990093
kanzi,fannie_mae_500k.csv,0,0.09115603056043643,1.5720337900182602,3.752799498696661
kanzi,fannie_mae_500k.csv,1,0.09258327284857094,1.375902953588224,3.949212358602389
kanzi,fannie_mae_500k.csv,2,0.06379286733362563,1.005172622754916,2.7305543082913437
kanzi,fannie_mae_500k.csv,3,0.05724301185498287,1.1346373373139513,3.3896973267417887
kanzi,fannie_mae_500k.csv,4,0.10650395938029913,1.3516185001771526,3.051089808311291
kanzi,large.csv,0,0.06139407472100995,0.1866755075798,0.35038684414182686
kanzi,large.csv,1,0.05227714953991457,0.2189615777131274,0.4832490067927082
kanzi,large.csv,2,0.041999928780934,0.15360812204742663,0.3337750276914673
kanzi,large.csv,3,0.04197810026051341,0.1630794238072532,0.4078544500232974
kanzi,large.csv,4,0.06860217455837478,0.22930510989288344,0.4991687087065809
kanzi,misc.csv,0,0.03655175260099445,0.03307372259195636,0.0767416777955431
kanzi,misc.csv,1,0.03158889977655966,0.029406002413748536,0.05829646575700331
kanzi,misc.csv,2,0.037690179554949944,0.0322491621956628,0.06430616360669811
kanzi,misc.csv,3,0.030418521300659626,0.02810874812468125,0.05364393765778342
kanzi,misc.csv,4,0.03535939213738824,0.030266926036989023,0.054861552746116385
kanzi,silesia.csv,0,0.08762367663621408,3.4587049032284236,8.137104041453556
kanzi,silesia.csv,1,0.10364087890443617,4.069983224233981,8.226499686044026
kanzi,silesia.csv,2,0.10336341254283915,3.851700543178984,8.159770028079372
kanzi,silesia.csv,3,0.11118531693658665,3.4049393785188378,6.843623160071619
kanzi,silesia.csv,4,0.08948337203646914,3.2955510217306676,6.692699481609816
kanzi,vmlinux.csv,0,1.000371686276538,13.683017850637363,28.121929226184715
kanzi,vmlinux.csv,1,0.7831652974568218,11.72961834058582,26.76101699739477
kanzi,vmlinux.csv,2,1.0188801201522473,12.760476210220308,30.113616013999543
kanzi,vmlinux.csv,3,0.744951898368263,15.026222638658943,33.358568659309626
kanzi,vmlinux.csv,4,1.0025807881324247,10.998393334847153,24.422914117689047
lrzip,ambivert.wav.tar.csv,0,1.6378565832142884,17.21400874088972,26.616177287531904
lrzip,ambivert.wav.tar.csv,1,1.6553734437228504,16.509301386381452,31.2753128697637
lrzip,ambivert.wav.tar.csv,2,2.4210393062930096,17.99360449690568,31.313946380947495
lrzip,ambivert.wav.tar.csv,3,1.7573137945116544,18.01341164112091,29.114190286961872
lrzip,ambivert.wav.tar.csv,4,2.9075174958524714,22.351770088468726,34.92690051495157
lrzip,artificl.tar.csv,0,18.6465890242273,1.5218215968746405,1.7848227562426002
lrzip,artificl.tar.csv,1,15.259475624616925,1.3748261565342546,1.7523646567981546
lrzip,artificl.tar.csv,2,11.597083440570238,1.4905591404653693,1.770884975791071
lrzip,artificl.tar.csv,3,18.986780341737347,1.255669933400656,1.6157753971981499
lrzip,artificl.tar.csv,4,12.366769238736959,1.1897160838309087,1.4762309707028758
lrzip,deepfield.tar.csv,0,2.3475643690657697,13.914095918337503,20.157470864987676
lrzip,deepfield.tar.csv,1,2.53024904576072,20.963694817141484,31.47038513844838
lrzip,deepfield.tar.csv,2,1.3615609711979209,11.841677526110097,18.286611952144074
lrzip,deepfield.tar.csv,3,2.307735242409548,18.791514934677828,27.929058133852585
lrzip,deepfield.tar.csv,4,0.9970662567026582,14.524246341303774,26.70467063597364
lrzip,enwik8.tar.csv,0,1.7492083739762792,22.852623774455143,34.16679629181455
lrzip,enwik8.tar.csv,1,1.5565121164793536,26.664090658489027,41.48636180558594
lrzip,enwik8.tar.csv,2,0.938899108241831,23.358671589901572,39.0639971676175
lrzip,enwik8.tar.csv,3,1.2352966744376945,19.9411518103198,28.19307582962962
lrzip,enwik8.tar.csv,4,0.5123536164376191,15.046672670464767,28.374170805111895
lrzip,fannie_mae_500k.tar.csv,0,0.16433374030363068,6.504089551094251,8.14963449557515
lrzip,fannie_mae_500k.tar.csv,1,0.16520255311686058,7.046342046637284,9.869877642390525
lrzip,fannie_mae_500k.tar.csv,2,0.19069690527277566,7.389194839879086,9.394310866176165
lrzip,fannie_mae_500k.tar.csv,3,0.18096125082749853,7.959073317678351,10.540531965830974
lrzip,fannie_mae_500k.tar.csv,4,0.12324178055293618,5.498404854222348,8.32246038540827
lrzip,large.tar.csv,0,1.2505603543088708,2.3255303143881836,3.0325620193800757
lrzip,large.tar.csv,1,1.1597366071092683,2.7141152745799015,3.3601755198204666
lrzip,large.tar.csv,2,1.1797234407646113,3.410065307428962,4.817617691316146
lrzip,large.tar.csv,3,1.3846232431308354,3.1126049929543544,4.040558267524476
lrzip,large.tar.csv,4,0.7263070968956035,2.9211486625043968,4.167165355811204
lrzip,misc.tar.csv,0,2.9965303718777845,1.5521994611391654,1.8643377384906203
lrzip,misc.tar.csv,1,2.167640731229052,1.299685452329485,1.6265142038264304
lrzip,misc.tar.csv,2,3.0940723098729515,1.310818336904049,1.5125519059176156
lrzip,misc.tar.csv,3,2.387009175072315,1.1415643290077384,1.4710707969154826
lrzip,misc.tar.csv,4,2.593461750594725,1.459716308665903,1.811050813450969
lrzip,silesia.tar.csv,0,1.6913242760845213,45.02158255454822,71.05473985599703
lrzip,silesia.tar.csv,1,2.6216106142949225,45.058989901291696,63.433155691390496
lrzip,silesia.tar.csv,2,2.337720173742779,50.71379087473217,64.6832995827716
lrzip,silesia.tar.csv,3,1.0265990693857245,37.52247915769878,63.321692104949975
lrzip,silesia.tar.csv,4,2.1740281667303676,41.73358871434864,60.975357895864576
lrzip,uiq-32.bin.csv,0,3.066708550687674,60.54539047143398,84.2270613934198
lrzip,uiq-32.bin.csv,1,2.6850359223198956,70.41510206774662,105.63218747820079
lrzip,uiq-32.bin.csv,2,2.3267377755779615,65.08473438965648,107.3061730666468
lrzip,uiq-32.bin.csv,3,2.6529102575017864,63.68880284459967,93.60420323942536
lrzip,uiq-32.bin.csv,4,3.734914332516084,67.55328474546734,90.24445138796712
lrzip,uiq2-16.bin.csv,0,1.247871836060506,24.57230989749615,44.368333477851095
lrzip,uiq2-16.bin.csv,1,3.540804017705495,43.43050640507748,71.90811024277424
lrzip,uiq2-16.bin.csv,2,1.3713290764976158,32.37138238706087,56.85357138473518
lrzip,uiq2-16.bin.csv,3,1.2032377907044773,24.04995556254136,46.71411752656294
lrzip,uiq2-16.bin.csv,4,3.2832467039481346,42.27909185384449,59.080603003838625
lrzip,uiq2-4.bin.csv,0,1.5029612747249226,6.270963564897195,8.876485564038022
lrzip,uiq2-4.bin.csv,1,1.1050106797379557,7.5111604693688845,12.082291148232565
lrzip,uiq2-4.bin.csv,2,0.9838180170828504,8.95300466449637,14.503482928489799
lrzip,uiq2-4.bin.csv,3,1.7750591087539374,10.67760020494461,14.345393763743342
lrzip,uiq2-4.bin.csv,4,1.5254659646092754,8.338847213669828,13.147545116809265
lrzip,uiq2-8.bin.csv,0,1.8380055557405213,16.74021195142697,22.47947591562442
lrzip,uiq2-8.bin.csv,1,1.5471406085091572,19.37135554908922,29.42206121711406
lrzip,uiq2-8.bin.csv,2,2.39060892216675,16.35864765549961,23.269403365017013
lrzip,uiq2-8.bin.csv,3,1.7468604023182053,12.12728718707436,17.541026838435382
lrzip,uiq2-8.bin.csv,4,1.8429326618374797,21.79573345184326,33.38416382723205
lrzip,vmlinux-5.10.tar.csv,0,1.1875835300575341,6.236486615278782,8.526032857168357
lrzip,vmlinux-5.10.tar.csv,1,1.0437104812743219,5.941087051441795,8.868430948682507
lrzip,vmlinux-5.10.tar.csv,2,0.978293824457372,4.17620260150809,5.715568493842331
lrzip,vmlinux-5.10.tar.csv,3,0.9082137740656353,6.58807203016783,9.09088529443372
lrzip,vmlinux-5.10.tar.csv,4,0.7858625096980318,5.095200764505487,7.673771014328279
x264,blue_sky_1080p25_short.y4m.csv,0,0.12503623739036138,1.1735155122238023,2.8166830280328927
x264,blue_sky_1080p25_short.y4m.csv,1,0.15967906911582075,1.6141066733945046,3.6401065302637936
x264,blue_sky_1080p25_short.y4m.csv,2,0.13361782401649594,1.2979795481190444,3.165663938990864
x264,blue_sky_1080p25_short.y4m.csv,3,0.14212173964303665,1.3161791281301491,3.0097970423696387
x264,blue_sky_1080p25_short.y4m.csv,4,0.1485093852808564,1.4827581431321393,3.3867642680836196
x264,Johnny_1280x720_60_short.y4m.csv,0,0.16490849590726395,1.3263084009217987,3.117253297615349
x264,Johnny_1280x720_60_short.y4m.csv,1,0.16510569399373762,1.2412031047034224,2.9509587729300937
x264,Johnny_1280x720_60_short.y4m.csv,2,0.147790545400058,1.1605667375255357,2.723560359307637
x264,Johnny_1280x720_60_short.y4m.csv,3,0.13355888055130402,0.9117000796787225,2.262447695578454
x264,Johnny_1280x720_60_short.y4m.csv,4,0.14443442292081635,0.9972388537367057,2.4587979312526196
x264,Netflix_Crosswalk_4096x2160_60fps_10bit_420_short.y4m.csv,0,0.1356838371046789,4.4877300465279175,10.190894138505174
x264,Netflix_Crosswalk_4096x2160_60fps_10bit_420_short.y4m.csv,1,0.1474588660210732,3.7712243900635842,8.472936474956576
x264,Netflix_Crosswalk_4096x2160_60fps_10bit_420_short.y4m.csv,2,0.12173204546059348,3.449340209915014,8.075183737016916
x264,Netflix_Crosswalk_4096x2160_60fps_10bit_420_short.y4m.csv,3,0.15355637654393525,3.8297763434253707,8.086482142525242
x264,Netflix_Crosswalk_4096x2160_60fps_10bit_420_short.y4m.csv,4,0.1407619021374018,3.5128147701741796,8.258564247198194
x264,pedestrian_area_1080p25_short.y4m.csv,0,0.1588052114571441,1.5306156623038205,3.6108186237571767
x264,pedestrian_area_1080p25_short.y4m.csv,1,0.14752896348859695,1.6952510191961812,3.867697070971095
x264,pedestrian_area_1080p25_short.y4m.csv,2,0.1265850765820826,1.6938723945694214,3.474151598579016
x264,pedestrian_area_1080p25_short.y4m.csv,3,0.1227983347939422,1.4443545080841163,3.0068962546269233
x264,pedestrian_area_1080p25_short.y4m.csv,4,0.13972773083603085,1.3608636530265932,3.5870641414923985
x264,riverbed_1080p25_short.y4m.csv,0,0.15120687209652173,2.8597555462850996,6.529062743079797
x264,riverbed_1080p25_short.y4m.csv,1,0.12805311211108092,2.9198244888556713,6.873836208939083
x264,riverbed_1080p25_short.y4m.csv,2,0.1504361359750412,2.9612510671202292,6.67410351780023
x264,riverbed_1080p25_short.y4m.csv,3,0.15245918974032316,3.0684044625598133,7.2724477716585865
x264,riverbed_1080p25_short.y4m.csv,4,0.1468302745608164,3.3075245465496343,7.30503174216895
x264,sd_bridge_close_cif_short.y4m.csv,0,0.13401043021537956,0.05771310830766852,0.11883562640958742
x264,sd_bridge_close_cif_short.y4m.csv,1,0.09906070418835088,0.05822266738736228,0.13593933787624274
x264,sd_bridge_close_cif_short.y4m.csv,2,0.10642651319118718,0.06202142047030585,0.13743457396773898
x264,sd_bridge_close_cif_short.y4m.csv,3,0.09479483404839752,0.05606230709498143,0.12692300941464252
x264,sd_bridge_close_cif_short.y4m.csv,4,0.09485378613443225,0.052795871145951405,0.1263405288831676
x264,sd_city_4cif_short.y4m.csv,0,0.14752160668354097,0.6009989849637064,1.3669751418373133
x264,sd_city_4cif_short.y4m.csv,1,0.13764173426540716,0.6498318907250179,1.5150436473263846
x264,sd_city_4cif_short.y4m.csv,2,0.14435298500656216,0.5843282295077035,1.3706083242905973
x264,sd_city_4cif_short.y4m.csv,3,0.14704062208294585,0.6492476987493766,1.4243509253917235
x264,sd_city_4cif_short.y4m.csv,4,0.14892787021060855,0.5475719099642763,1.1923423431295872
x264,sd_crew_cif_short.y4m.csv,0,0.11552030996269066,0.09889799051501012,0.2308221101336478
x264,sd_crew_cif_short.y4m.csv,1,0.11969190849069108,0.09601582987398435,0.2196255887621314
x264,sd_crew_cif_short.y4m.csv,2,0.13662207214897742,0.11019655526354072,0.25426457098209676
x264,sd_crew_cif_short.y4m.csv,3,0.12363125040307069,0.1071283261851674,0.25332461645320936
x264,sd_crew_cif_short.y4m.csv,4,0.11789904610821547,0.10030799787910805,0.237438285665754
x264,sintel_trailer_2k_720p24_short.y4m.csv,0,0.10604270450393469,0.1675112901396009,0.37761300532364306
x264,sintel_trailer_2k_720p24_short.y4m.csv,1,0.11403033488482771,0.16589019312426137,0.38208678328734136
x264,sintel_trailer_2k_720p24_short.y4m.csv,2,0.1159322618413013,0.18968978682069487,0.3884279698625562
x264,sintel_trailer_2k_720p24_short.y4m.csv,3,0.10265487197134737,0.15116668921383247,0.3555333108037226
x264,sintel_trailer_2k_720p24_short.y4m.csv,4,0.09687745480328035,0.12495887763438884,0.301764059498432
xz,ambivert.wav.tar.csv,0,0.06878916189670596,0.9119318932294845,2.3900442092026117
xz,ambivert.wav.tar.csv,1,0.05391421773151909,1.2490714198350907,2.9475456945090017
xz,ambivert.wav.tar.csv,2,0.033773044584439166,0.9354900205135346,2.498036695721661
xz,ambivert.wav.tar.csv,3,0.04606835930761559,0.7941019505262374,1.946879928731318
xz,ambivert.wav.tar.csv,4,0.03869464333897806,0.8615816816650238,2.078394976710464
xz,artificl.tar.csv,0,0.29781430801665687,0.006339420229196548,0.007590840020719949
xz,artificl.tar.csv,1,0.315792451758272,0.0069087651325389745,0.008042211451113952
xz,artificl.tar.csv,2,0.30043519049942624,0.006667166757397354,0.007941416513653078
xz,artificl.tar.csv,3,0.3088139812851112,0.00659236915409565,0.007940130916417456
xz,artificl.tar.csv,4,0.2565812993669763,0.006260481133198081,0.007445537619871305
xz,deepfield.tar.csv,0,0.036920885769881256,0.5464059966802597,1.0798131390991657
xz,deepfield.tar.csv,1,0.029753160618922397,0.4298966586589813,0.8165580044025749
xz,deepfield.tar.csv,2,0.0301007198799608,0.5204192340373993,1.0689494933374915
xz,deepfield.tar.csv,3,0.027455503488727686,0.4931603544950485,0.9856873512202283
xz,deepfield.tar.csv,4,0.04185245602995037,0.5731864142836186,1.3474078696883205
xz,enwik8.tar.csv,0,0.28315565467368253,19.747568057775496,57.581919748690865
xz,enwik8.tar.csv,1,0.10409116356782128,13.11132912516594,38.58876769252181
xz,enwik8.tar.csv,2,0.15671646285678087,12.210272938907146,27.832960831721355
xz,enwik8.tar.csv,3,0.20388081845793088,12.693980040550231,33.9568198544285
xz,enwik8.tar.csv,4,0.3397428996493699,17.530622520542384,48.157723915464935
xz,fannie_mae_500k.tar.csv,0,0.06623538742374929,3.0396426558494567,6.501323310195715
xz,fannie_mae_500k.tar.csv,1,0.04960457232203758,2.1944987642765046,4.0718435229595125
xz,fannie_mae_500k.tar.csv,2,0.058543599006588086,2.107562039140612,4.793356780239569
xz,fannie_mae_500k.tar.csv,3,0.11346113412721998,5.129450304508209,17.7852563757879
xz,fannie_mae_500k.tar.csv,4,0.06309924893759962,2.214555320883156,4.593876241979701
xz,large.tar.csv,0,0.030152970989725296,0.18126241475343705,0.3278288819686776
xz,large.tar.csv,1,0.041467007058572196,0.20608893156051636,0.5913453883647259
xz,large.tar.csv,2,0.03289650651199735,0.15617732018232344,0.25237495765078577
xz,large.tar.csv,3,0.033972577172085676,0.198819320499897,0.4272295185309231
xz,large.tar.csv,4,0.04779205713264182,0.2416908854529971,0.5779500685241978
xz,misc.tar.csv,0,0.06143378235613007,0.027699864879250528,0.05683094189462397
xz,misc.tar.csv,1,0.052576483894754375,0.022894272692501546,0.04533766985663463
xz,misc.tar.csv,2,0.04555187226633436,0.021961023472249507,0.06181322904654276
xz,misc.tar.csv,3,0.05967850213930995,0.027732780054211616,0.06413902797398628
xz,misc.tar.csv,4,0.05191340509994731,0.021131010954840143,0.04711009986885848
xz,silesia.tar.csv,0,0.0377583686330255,3.5479872322082517,6.5846852054198495
xz,silesia.tar.csv,1,0.09095985481449795,9.308267107009888,33.103361710742384
xz,silesia.tar.csv,2,0.038715821294836375,4.589211192131042,11.161750345854207
xz,silesia.tar.csv,3,0.04491109811347753,4.263123836517334,10.354754470302355
xz,silesia.tar.csv,4,0.04570015452110726,5.091648512914366,9.61072812988425
xz,uiq-32.bin.csv,0,0.11040685790235306,16.04324803829193,43.54319417945
xz,uiq-32.bin.csv,1,0.1299517497228202,21.249056514799594,53.269718149399424
xz,uiq-32.bin.csv,2,0.13182736038704565,16.966204159259796,37.01388703493447
xz,uiq-32.bin.csv,3,0.11452830291980298,16.01246706008911,37.64675681388244
xz,uiq-32.bin.csv,4,0.11945737972329541,13.805032091929501,27.731886367531
xz,uiq2-16.bin.csv,0,0.10994557673327171,6.95845378100872,16.849383301131823
xz,uiq2-16.bin.csv,1,0.12270021917196855,8.141880123615264,17.78956249328887
xz,uiq2-16.bin.csv,2,0.1217481580611927,7.518791384696961,18.53133448270636
xz,uiq2-16.bin.csv,3,0.13689646636439587,8.523356218338012,21.12421709274456
xz,uiq2-16.bin.csv,4,0.11005774055798716,6.740964399543323,15.283087815630239
xz,uiq2-4.bin.csv,0,0.03337412668737425,0.4086042594909668,0.7985818561810583
xz,uiq2-4.bin.csv,1,0.036694537422813714,0.4270954602956772,1.141052023500369
xz,uiq2-4.bin.csv,2,0.04842976608195151,0.5120075607299804,1.1387057546390276
xz,uiq2-4.bin.csv,3,0.03866716264832985,0.4782581523060799,0.9873515218644966
xz,uiq2-4.bin.csv,4,0.042716831381291114,0.41766736292301265,0.8306009760948609
xz,uiq2-8.bin.csv,0,0.09825431417503876,3.254959107041359,9.291674881430914
xz,uiq2-8.bin.csv,1,0.11463760044211757,3.6317631632089613,8.9368769846606
xz,uiq2-8.bin.csv,2,0.10054887340306953,2.8427615010738374,6.435000656271887
xz,uiq2-8.bin.csv,3,0.10842559607642457,3.0302553184330465,6.571512211876168
xz,uiq2-8.bin.csv,4,0.09083358034735003,2.4853543165632357,6.718682740245586
xz,vmlinux-5.10.tar.csv,0,0.02594302513150945,0.2186064440011978,0.4394125642228263
xz,vmlinux-5.10.tar.csv,1,0.027184661583409535,0.1841544735431671,0.25718639580142805
xz,vmlinux-5.10.tar.csv,2,0.024928034316924738,0.22045683324337007,0.4171346695629323
xz,vmlinux-5.10.tar.csv,3,0.02987286576136003,0.23867657482624055,0.4184660853564927
xz,vmlinux-5.10.tar.csv,4,0.02845219452409967,0.23421557624836015,0.39767534365782825
z3,AUFNIRA_z3.637557.smt2.csv,0,0.008061749183798927,1.0894252002829372,2.9803828278428566
z3,AUFNIRA_z3.637557.smt2.csv,1,0.011397643592316027,1.8453036440481054,4.524352288151423
z3,AUFNIRA_z3.637557.smt2.csv,2,0.008499401691461878,1.0005050578919967,2.6264250009782875
z3,AUFNIRA_z3.637557.smt2.csv,3,0.010739073639198434,2.2532167056999586,6.5859218220005316
z3,AUFNIRA_z3.637557.smt2.csv,4,0.005471271006070791,0.8247765810182779,2.110056500833663
z3,LRA_formula_277.smt2.csv,0,0.004488870827867255,0.011707248664138342,0.017316317855760332
z3,LRA_formula_277.smt2.csv,1,0.007610818435549572,0.02538507055528093,0.033387025477575716
z3,LRA_formula_277.smt2.csv,2,0.005421420115563755,0.01275364597245018,0.019341813501862405
z3,LRA_formula_277.smt2.csv,3,0.004053617093869775,0.011615852318187752,0.01771818838747009
z3,LRA_formula_277.smt2.csv,4,0.00496442153669671,0.013096570378482933,0.01871169910114084
z3,QF_AUFBV_891_sqlite3.smt2.csv,0,0.22398257330664104,1.1456768350435955,2.1553426311271546
z3,QF_AUFBV_891_sqlite3.smt2.csv,1,0.27187746468916707,3.6363368330172974,9.666933381263515
z3,QF_AUFBV_891_sqlite3.smt2.csv,2,0.054601144543219716,1.0050562553771651,2.1045443747713426
z3,QF_AUFBV_891_sqlite3.smt2.csv,3,0.23553819415628494,0.7444197224213345,1.2385872437823564
z3,QF_AUFBV_891_sqlite3.smt2.csv,4,0.19237937008476827,1.0382108169026893,2.055006198305121
z3,QF_AUFLIA_swap_t1_pp_nf_ai_00010_002.cvc.smt2.csv,0,0.013176944285938597,0.10469708230235789,0.15086297712694605
z3,QF_AUFLIA_swap_t1_pp_nf_ai_00010_002.cvc.smt2.csv,1,0.006482470499762282,0.055453810361352295,0.07949841786444424
z3,QF_AUFLIA_swap_t1_pp_nf_ai_00010_002.cvc.smt2.csv,2,0.00785294326978472,0.06363066588297929,0.0867982275647319
z3,QF_AUFLIA_swap_t1_pp_nf_ai_00010_002.cvc.smt2.csv,3,0.009662356713416205,0.06611319343642433,0.0872400980747513
z3,QF_AUFLIA_swap_t1_pp_nf_ai_00010_002.cvc.smt2.csv,4,0.010501961411801682,0.08457969556940664,0.12864435174114036
z3,QF_BV_bench_3176.smt2.csv,0,0.035553347724539726,3.45719306067665,8.934021622792773
z3,QF_BV_bench_3176.smt2.csv,1,0.037306948005585996,3.7168369375833192,8.613313245317599
z3,QF_BV_bench_3176.smt2.csv,2,0.025815903270351732,2.9001838677000293,7.689356179609816
z3,QF_BV_bench_3176.smt2.csv,3,0.024205815555641975,2.5563489210487593,6.5558196117982765
z3,QF_BV_bench_3176.smt2.csv,4,0.04242488471660147,2.533909704425547,5.454958075745969
z3,QF_BV_bench_935.smt2.csv,0,0.07574189782424723,2.04186744147008,3.8640924632008424
z3,QF_BV_bench_935.smt2.csv,1,0.023307825545105944,1.1355843201722249,2.758581415265373
z3,QF_BV_bench_935.smt2.csv,2,0.051337752030970255,1.6279531941555514,3.4777911432293314
z3,QF_BV_bench_935.smt2.csv,3,0.02044584797072802,1.1626400192185204,2.4263803136872872
z3,QF_BV_bench_935.smt2.csv,4,0.036608826048157427,1.8668283480818908,4.002122963344898
z3,QF_LIA_tightrhombus.csv,0,0.0162248817879839,0.028914102897195534,0.05738618755169053
z3,QF_LIA_tightrhombus.csv,1,0.0176256054978016,0.025401898392356268,0.042180669103122785
z3,QF_LIA_tightrhombus.csv,2,0.008539924058116787,0.019004087784502764,0.030553500334263007
z3,QF_LIA_tightrhombus.csv,3,0.010884604274828843,0.03569896039691302,0.06425141158243136
z3,QF_LIA_tightrhombus.csv,4,0.016331373578118168,0.02586839193164712,0.03808345422012721
z3,QF_LRA_clocksynchro_7clocks.worst_case_skew.induct.smt2.csv,0,0.006610534236209733,0.09949976854985303,0.15231318296757426
z3,QF_LRA_clocksynchro_7clocks.worst_case_skew.induct.smt2.csv,1,0.004837295625917364,0.0740126099916968,0.13831475258251627
z3,QF_LRA_clocksynchro_7clocks.worst_case_skew.induct.smt2.csv,2,0.006710787733618201,0.09821947966471757,0.21636604691717498
z3,QF_LRA_clocksynchro_7clocks.worst_case_skew.induct.smt2.csv,3,0.01260078015880413,0.2058555253661505,0.44049507804742627
z3,QF_LRA_clocksynchro_7clocks.worst_case_skew.induct.smt2.csv,4,0.004438713755129791,0.06227976732914991,0.10202844222951254
z3,QF_NRA_hong_9.smt2.csv,0,0.004988382853298399,0.021177104204007896,0.03224705467109916
z3,QF_NRA_hong_9.smt2.csv,1,0.0033411591683703275,0.013441789268267036,0.025575236207905434
z3,QF_NRA_hong_9.smt2.csv,2,0.0050429934797143324,0.022776894050069375,0.041859938020985074
z3,QF_NRA_hong_9.smt2.csv,3,0.006027892473960051,0.02289543883635266,0.04032276107358759
z3,QF_NRA_hong_9.smt2.csv,4,0.004419591152183636,0.017473417933624568,0.029534726065490267
z3,QF_RDL_orb08_888.smt2.csv,0,0.007769694852273972,0.08593326039833597,0.1250921607661614
z3,QF_RDL_orb08_888.smt2.csv,1,0.007492946133077061,0.07274268641330228,0.09371541242333056
z3,QF_RDL_orb08_888.smt2.csv,2,0.008405989914696852,0.09432972067653543,0.15108273927320576
z3,QF_RDL_orb08_888.smt2.csv,3,0.007960256610214886,0.08024329478197759,0.11717780075264453
z3,QF_RDL_orb08_888.smt2.csv,4,0.005674526764403844,0.06155358918822638,0.1195787241591753
z3,QF_UFLIA_xs_23_43.smt2.csv,0,0.009328163632345168,0.2726253282905805,0.45782723501297123
z3,QF_UFLIA_xs_23_43.smt2.csv,1,0.017666594082189097,0.4556410100200389,0.7548533626525717
z3,QF_UFLIA_xs_23_43.smt2.csv,2,0.013470880780289594,0.4365705334314025,0.8162574134700703
z3,QF_UFLIA_xs_23_43.smt2.csv,3,0.014850095558520298,0.41271546335503606,0.6575395192256737
z3,QF_UFLIA_xs_23_43.smt2.csv,4,0.009055704666598186,0.25527846695172907,0.424921763695613
z3,QF_UF_PEQ018_size6.smt2.csv,0,0.029137929640318846,0.6676784057428341,0.9407666512469225
z3,QF_UF_PEQ018_size6.smt2.csv,1,0.010639799404129425,1.289300837139092,2.982773538449868
z3,QF_UF_PEQ018_size6.smt2.csv,2,0.01300243705649724,0.9530288960674022,2.2972350896936335
z3,QF_UF_PEQ018_size6.smt2.csv,3,0.016923028371473466,0.826427412505197,1.8352953044486875
z3,QF_UF_PEQ018_size6.smt2.csv,4,0.015276330299031414,7.465146114330481,27.977573120060818
