system,dataset,repeat,MAPE,MAE,RMSE
batlik,corona.csv,0,0.0673492663848859,0.09798819444444441,0.12874964832745928
batlik,corona.csv,1,0.06456001145263127,0.09237256944444441,0.12279760193776865
batlik,corona.csv,2,0.06497805407611981,0.09521562500000005,0.12623547963803386
batlik,corona.csv,3,0.06593394538731513,0.094164236111111,0.1225832084182458
batlik,corona.csv,4,0.06430052598897783,0.09329513888888889,0.12740875166172844
batlik,cranium.csv,0,0.04096024838532339,0.08142326388888876,0.10480388331704739
batlik,cranium.csv,1,0.04062509438788199,0.08285277777777769,0.10841691263103022
batlik,cranium.csv,2,0.040796730578394245,0.08248263888888865,0.10820616638826258
batlik,cranium.csv,3,0.0395835909615353,0.07931909722222227,0.10370638072354946
batlik,cranium.csv,4,0.039614194214212285,0.0800284722222223,0.10440610680840906
batlik,cubus.csv,0,0.03741410393719221,0.23166076388888981,0.2966498451457559
batlik,cubus.csv,1,0.037462654218080454,0.2319545138888896,0.29288008555360895
batlik,cubus.csv,2,0.03688486843002881,0.2283819444444449,0.2943759015084104
batlik,cubus.csv,3,0.03711046985817525,0.23077673611111177,0.2989164028667186
batlik,cubus.csv,4,0.03694152632150978,0.23180659722222263,0.2953153186520402
batlik,flame.csv,0,0.04071779008518764,0.07288854166666657,0.09354981404756145
batlik,flame.csv,1,0.03871522194065781,0.06990416666666659,0.08809465789705961
batlik,flame.csv,2,0.040401970434956115,0.07333194444444445,0.0943251652824184
batlik,flame.csv,3,0.038941876250609186,0.07076875000000012,0.0919727828097954
batlik,flame.csv,4,0.039143389133944786,0.07098715277777774,0.0911181684682038
batlik,france.csv,0,0.04634445873956266,0.1626736111111111,0.20435434605116676
batlik,france.csv,1,0.044240269568763445,0.15809722222222222,0.1998423538414441
batlik,france.csv,2,0.04511757557934623,0.15856979166666646,0.20343306655862134
batlik,france.csv,3,0.04538996028690329,0.1594590277777782,0.20465845430049268
batlik,france.csv,4,0.04384408021408481,0.15415659722222205,0.20185286669172314
batlik,frisco.csv,0,0.06389028875796415,0.29426979166666645,0.3753751820401378
batlik,frisco.csv,1,0.06518920562224752,0.30278020833333247,0.38038122443514094
batlik,frisco.csv,2,0.06420348203619966,0.298292013888889,0.37293788887472085
batlik,frisco.csv,3,0.0643750721596653,0.2980079861111107,0.37646383836594693
batlik,frisco.csv,4,0.06364077077560612,0.2934357638888885,0.37531301889593105
batlik,jelly.csv,0,0.04663208081888865,0.08606493055555553,0.1372984874380547
batlik,jelly.csv,1,0.0445614533029821,0.08239270833333337,0.12684592934606387
batlik,jelly.csv,2,0.04435040647726211,0.08296319444444464,0.13020244866702366
batlik,jelly.csv,3,0.04553318069344846,0.08608576388888907,0.1525053521374109
batlik,jelly.csv,4,0.047192932354156975,0.09205798611111107,0.17182716546479687
batlik,karte.csv,0,0.03760833952328878,0.48035173611111076,0.6454344445044577
batlik,karte.csv,1,0.03804114762263003,0.47401631944444467,0.6433333098553535
batlik,karte.csv,2,0.039537030484782694,0.4992770833333336,0.6683981828471215
batlik,karte.csv,3,0.04000730421195722,0.5057569444444453,0.6674991037239091
batlik,karte.csv,4,0.039393972288820064,0.498060416666667,0.6740678115615184
batlik,mandelbrot.csv,0,0.041548162513017975,0.053812152777777796,0.07130506400514468
batlik,mandelbrot.csv,1,0.041853197677213044,0.05426354166666661,0.07064200286971235
batlik,mandelbrot.csv,2,0.04453440668601451,0.057924652777777794,0.07649207066748819
batlik,mandelbrot.csv,3,0.04168659685355505,0.053919444444444485,0.07080810433057003
batlik,mandelbrot.csv,4,0.04205674569187266,0.054474305555555436,0.07144185670101867
batlik,strawberry.csv,0,0.0455313039861423,0.0731694444444443,0.09349153630736362
batlik,strawberry.csv,1,0.046201722486024895,0.07449999999999991,0.09403325357434873
batlik,strawberry.csv,2,0.046876391252377164,0.07492847222222226,0.09639046820672219
batlik,strawberry.csv,3,0.04697134632655487,0.07512604166666663,0.09590426179558202
batlik,strawberry.csv,4,0.048544203441355196,0.0779493055555555,0.0972070877902772
batlik,village.csv,0,0.04356056628831268,0.19094479166666622,0.5134670758540514
batlik,village.csv,1,0.04584600425599447,0.21233333333333315,0.5375848001581789
batlik,village.csv,2,0.044428998012627195,0.1866770833333332,0.4738402095291882
batlik,village.csv,3,0.041666838582881935,0.18476701388888805,0.508986831785021
batlik,village.csv,4,0.043370621848701774,0.2088392361111112,0.5386954818380948
dconvert,jpeg-large.csv,0,0.056322919781065815,0.18553485797943206,0.2613454827580756
dconvert,jpeg-large.csv,1,0.05559751750413079,0.18324024030515376,0.26180013368878546
dconvert,jpeg-large.csv,2,0.055452405416018063,0.18212955850064688,0.2591235838420474
dconvert,jpeg-large.csv,3,0.05581373853882947,0.18609250615018214,0.2617485777454304
dconvert,jpeg-large.csv,4,0.05538703613090464,0.18415364170464582,0.2607149915646954
dconvert,jpeg-medium.csv,0,0.04547276153102975,0.07945014265981692,0.1073170552666742
dconvert,jpeg-medium.csv,1,0.045474790148531986,0.07976054643797816,0.10884428798794714
dconvert,jpeg-medium.csv,2,0.04632812193833543,0.08046504521822499,0.10728511116982128
dconvert,jpeg-medium.csv,3,0.0446206320725759,0.07858973045280958,0.10630621222869287
dconvert,jpeg-medium.csv,4,0.04532795102690138,0.07912869403439345,0.10633200975421227
dconvert,jpeg-small.csv,0,0.06816813771342756,0.02928185521248563,0.0381885073235055
dconvert,jpeg-small.csv,1,0.06774173334231857,0.029043351453680536,0.038178148664014394
dconvert,jpeg-small.csv,2,0.07070759890645242,0.03038403175930296,0.03927472223104799
dconvert,jpeg-small.csv,3,0.06814754778710244,0.029346914875463623,0.03827892647500186
dconvert,jpeg-small.csv,4,0.06784854544352696,0.029151701484894314,0.03790323851430578
dconvert,png-large.csv,0,0.0513243500816616,0.12389158064186231,0.16367061754215256
dconvert,png-large.csv,1,0.05055480097724115,0.12224173599496208,0.1614203873077255
dconvert,png-large.csv,2,0.050774586068531025,0.12173909551113211,0.15971684572621897
dconvert,png-large.csv,3,0.049825914484500564,0.1221427805078116,0.16162828003268814
dconvert,png-large.csv,4,0.051101855638096785,0.12480206394416689,0.16623360375567162
dconvert,png-medium.csv,0,0.055432269280198086,0.03529073843469866,0.04451997428341467
dconvert,png-medium.csv,1,0.05393550628045881,0.0342505138625678,0.043786706066530214
dconvert,png-medium.csv,2,0.05679006490641279,0.03580645232114173,0.04472813979237512
dconvert,png-medium.csv,3,0.054889568213387134,0.03492839872584323,0.044046234565523194
dconvert,png-medium.csv,4,0.05475331868758272,0.03476404055385656,0.0438517257334348
dconvert,png-small.csv,0,0.06861243431794713,0.030686200679251294,0.03962247057014674
dconvert,png-small.csv,1,0.07097195823880591,0.03173565195829754,0.04200242458951347
dconvert,png-small.csv,2,0.07246943885303128,0.03242571322270471,0.04302040239360776
dconvert,png-small.csv,3,0.06929741278016371,0.03115507976875127,0.04132475454424214
dconvert,png-small.csv,4,0.07066641592930292,0.0317470494399283,0.04192625999774319
dconvert,psd-large.csv,0,0.03073105675327769,1.1587049453958984,1.9729306262166195
dconvert,psd-large.csv,1,0.030973339240886636,1.166281840708982,1.9493212087680678
dconvert,psd-large.csv,2,0.031541253589580445,1.179741892827677,2.0152017540588276
dconvert,psd-large.csv,3,0.03152983798654646,1.18994616507913,2.0020173634793936
dconvert,psd-large.csv,4,0.031362448992900756,1.176728955391055,1.9897848432920133
dconvert,psd-medium.csv,0,0.05115772783013663,0.06572844026399802,0.0834768197162506
dconvert,psd-medium.csv,1,0.05084793453567267,0.0655922668075516,0.08454769253324984
dconvert,psd-medium.csv,2,0.05106384878326708,0.06526517416751847,0.08264254149309402
dconvert,psd-medium.csv,3,0.05004817528281284,0.06465577304293388,0.08285525612731078
dconvert,psd-medium.csv,4,0.050523799502603335,0.06534454015099406,0.08390255941711908
dconvert,psd-small.csv,0,0.07441612417106738,0.04150598129629141,0.05285169247006103
dconvert,psd-small.csv,1,0.07582373421426647,0.04237681954246877,0.0543050851862827
dconvert,psd-small.csv,2,0.07539045970957255,0.0420110862124182,0.05318177502863094
dconvert,psd-small.csv,3,0.07740269600104135,0.04338185592551135,0.054470376545199005
dconvert,psd-small.csv,4,0.07573396887865858,0.0422953453745622,0.053314672325129625
dconvert,svg-large.csv,0,0.046678322425994824,0.07030334990261737,0.090018591243175
dconvert,svg-large.csv,1,0.04731230943942498,0.07125757873568665,0.09135962413075059
dconvert,svg-large.csv,2,0.046757422368824575,0.07028996025230305,0.08964705166823939
dconvert,svg-large.csv,3,0.047102184789138954,0.07089941829665429,0.09028682756965001
dconvert,svg-large.csv,4,0.04715391947888727,0.0708783444992663,0.09056564479705963
dconvert,svg-medium.csv,0,0.038375805452162494,0.059111892071928906,0.07489915954222212
dconvert,svg-medium.csv,1,0.038315613252805795,0.05893401717149717,0.07386486630361629
dconvert,svg-medium.csv,2,0.03899512477795281,0.059914877519681733,0.07484582838774566
dconvert,svg-medium.csv,3,0.037667815920399826,0.05800841567415098,0.073343577242382
dconvert,svg-medium.csv,4,0.039478424731586484,0.060710627003256724,0.07623289117391305
dconvert,svg-small.csv,0,0.05049380940320183,0.0283072142111184,0.03566180500166708
dconvert,svg-small.csv,1,0.051813103111459285,0.02898515446886267,0.03667922753324551
dconvert,svg-small.csv,2,0.05142252501994021,0.028595924114275202,0.03609716263319456
dconvert,svg-small.csv,3,0.051315707548281464,0.02878348530445555,0.03620010554138541
dconvert,svg-small.csv,4,0.049998484944751787,0.027934431054776505,0.03580331371567984
h2,smallbank-1.csv,0,0.07368563713477091,1411.4241934282227,1862.94437512372
h2,smallbank-1.csv,1,0.07604336631707381,1454.3998872639202,1880.1322388655378
h2,smallbank-1.csv,2,0.07581939030304635,1446.5844822153188,1891.5053356619894
h2,smallbank-1.csv,3,0.07624924140804436,1447.1607684772132,1896.9142736786928
h2,smallbank-1.csv,4,0.0781637685941833,1478.125353807825,1926.615923206857
h2,smallbank-10.csv,0,0.04201635791874086,567.9735854030608,791.3318928365796
h2,smallbank-10.csv,1,0.04243129024434172,574.6896526374201,755.4833111648267
h2,smallbank-10.csv,2,0.04459539257408125,595.3620053037669,828.489673330743
h2,smallbank-10.csv,3,0.042639444188411924,569.3276788678752,799.6033719722186
h2,smallbank-10.csv,4,0.04278679848701956,567.9047947207927,796.5462604928342
h2,tpcc-2.csv,0,0.0551991486785677,40.46177153991561,50.77370940966728
h2,tpcc-2.csv,1,0.057232631669201665,41.791570111158926,53.58896819568284
h2,tpcc-2.csv,2,0.05419485141392451,39.70729543806507,50.18884215936052
h2,tpcc-2.csv,3,0.05642576298720569,41.26116711817378,52.19510758206792
h2,tpcc-2.csv,4,0.05633456140045492,40.910090496327626,51.83717401343628
h2,tpcc-8.csv,0,0.41357842358714364,222.10007937992773,347.48480018676963
h2,tpcc-8.csv,1,0.40609455634940694,214.21458835552875,344.550922558101
h2,tpcc-8.csv,2,0.38725295317072217,218.00292603679713,349.57970843822875
h2,tpcc-8.csv,3,0.4001873011356726,214.81618201398115,352.74979019118405
h2,tpcc-8.csv,4,0.3732935121002982,206.9086853034341,333.4244969245885
h2,voter-16.csv,0,0.034693790239433656,1123.4616132688072,1537.0644746958396
h2,voter-16.csv,1,0.037130436158545166,1193.797298804574,1587.333735218257
h2,voter-16.csv,2,0.03539719693897433,1153.4254603955533,1569.8051305613988
h2,voter-16.csv,3,0.03473091541776511,1099.3148715527495,1479.8253642479174
h2,voter-16.csv,4,0.03476000909429379,1114.0128877986594,1539.9845661528548
h2,voter-2.csv,0,0.034787227218068976,1124.1356942000173,1626.421356751338
h2,voter-2.csv,1,0.03354238863981549,1069.0873773638366,1547.0289882884679
h2,voter-2.csv,2,0.03331966758501125,1083.9653764409768,1493.5732638639151
h2,voter-2.csv,3,0.034231975428853444,1093.6353228362568,1598.3220705721728
h2,voter-2.csv,4,0.03550548426469184,1133.0538197248225,1581.6296447408845
h2,ycsb-2400.csv,0,0.07719803126421565,1086.2361016157115,1390.2702803975305
h2,ycsb-2400.csv,1,0.08082055111417787,1138.406896223466,1457.853785640433
h2,ycsb-2400.csv,2,0.07690434301137986,1080.6466731300602,1367.1495513894217
h2,ycsb-2400.csv,3,0.08281790469185102,1157.334616649325,1480.3547170422787
h2,ycsb-2400.csv,4,0.08049754422903245,1114.2230861320322,1397.9577600502096
h2,ycsb-600.csv,0,0.06556690223201286,1340.8452834647753,1795.0436131780489
h2,ycsb-600.csv,1,0.0724915121702653,1492.9059654572254,1957.8655400587586
h2,ycsb-600.csv,2,0.06591880006412117,1370.2578472143086,1834.2496165874854
h2,ycsb-600.csv,3,0.07323052600931251,1496.0627983457123,1953.955366087767
h2,ycsb-600.csv,4,0.06919672713244839,1411.012508226855,1852.7245848434306
jump3r,beethoven.wav.csv,0,0.3224006112798084,3.278573148611722,4.759127438895007
jump3r,beethoven.wav.csv,1,0.3246659002520026,3.2105720624380827,4.788310632068478
jump3r,beethoven.wav.csv,2,0.31163023510547927,3.232100029649271,4.7289798438688795
jump3r,beethoven.wav.csv,3,0.323160716741304,3.2676145150889893,4.805769978634132
jump3r,beethoven.wav.csv,4,0.3233072570754938,3.3545125909643647,5.008923828022902
jump3r,dual-channel.wav.csv,0,0.3047282761868503,0.9027991979769807,1.3050843714879474
jump3r,dual-channel.wav.csv,1,0.3025426320377292,0.8752935352595986,1.297452924167365
jump3r,dual-channel.wav.csv,2,0.3018516456985729,0.9085473094475235,1.3066104469664082
jump3r,dual-channel.wav.csv,3,0.314373028920763,0.9090928986802824,1.3116687444015942
jump3r,dual-channel.wav.csv,4,0.31582935732642275,0.9334806616202138,1.3692315040323046
jump3r,helix.wav.csv,0,0.31170522474126056,1.6408512299625375,2.4678023949030448
jump3r,helix.wav.csv,1,0.3138927175102286,1.608987125292891,2.4976624922348467
jump3r,helix.wav.csv,2,0.3132604433362793,1.658560867358243,2.4554886778957647
jump3r,helix.wav.csv,3,0.3244137602970132,1.658960066278475,2.481990083241959
jump3r,helix.wav.csv,4,0.3270252192767534,1.7260216115615366,2.602399793876211
jump3r,single-channel.wav.csv,0,0.2794060267554648,0.511172933416029,0.7145706295104749
jump3r,single-channel.wav.csv,1,0.2776230220109284,0.5076317484163083,0.7346014015077065
jump3r,single-channel.wav.csv,2,0.27547068650013506,0.5154972918788822,0.7216342702402676
jump3r,single-channel.wav.csv,3,0.2840093656000566,0.5132994183645715,0.7239242017729587
jump3r,single-channel.wav.csv,4,0.2837420979728689,0.5328457902113113,0.76106209557739
jump3r,speech.wav.csv,0,0.2765835716841316,1.2592100205331747,1.7755401635988748
jump3r,speech.wav.csv,1,0.27292788554728703,1.2062894307208871,1.7120966876969868
jump3r,speech.wav.csv,2,0.27195593950639096,1.2547355020722653,1.7607250525767
jump3r,speech.wav.csv,3,0.271899764273191,1.2416854533909552,1.7863936980596644
jump3r,speech.wav.csv,4,0.27184595004874784,1.27892441158653,1.8133707370935201
jump3r,sweep.wav.csv,0,0.1788173563677459,0.10911338366320063,0.15423696550437194
jump3r,sweep.wav.csv,1,0.17773206308827877,0.10827131519492067,0.1550866273741752
jump3r,sweep.wav.csv,2,0.18027711874973099,0.11041141672909385,0.15602912219718612
jump3r,sweep.wav.csv,3,0.186753816907211,0.11327368983694446,0.16109647636139035
jump3r,sweep.wav.csv,4,0.18180298566571307,0.11222829661587533,0.15885816277696044
kanzi,ambivert.csv,0,0.11807514723577911,1.76752042139384,3.307426987772962
kanzi,ambivert.csv,1,0.12549052801488536,1.9435646677471603,3.975048753439431
kanzi,ambivert.csv,2,0.12626079497956075,2.1935267423014593,4.7805985381622875
kanzi,ambivert.csv,3,0.12849858676355938,2.030349918962722,4.438284081026107
kanzi,ambivert.csv,4,0.11503321226288077,2.0153000000000034,5.249190203777104
kanzi,artificl.csv,0,0.0836615659133472,0.04373257698541325,0.0996095095471332
kanzi,artificl.csv,1,0.0847488817701666,0.04163403565640191,0.08866833398788995
kanzi,artificl.csv,2,0.07968646656952298,0.04043533225283631,0.08151667815150324
kanzi,artificl.csv,3,0.0843405810590855,0.04190615883306321,0.08846866965505272
kanzi,artificl.csv,4,0.07982699793624594,0.038207779578606126,0.08076964503547857
kanzi,deepfield.csv,0,0.09828819285664775,1.4342698541329026,3.5346608073176866
kanzi,deepfield.csv,1,0.10353853857546991,1.3786497568881708,3.6498551619716637
kanzi,deepfield.csv,2,0.1013536845983881,1.7000617504051891,4.66539537444607
kanzi,deepfield.csv,3,0.09673920298599802,1.4831714748784413,4.187334992078294
kanzi,deepfield.csv,4,0.0971234780261355,1.6635886547811984,5.181198766697955
kanzi,enwik8.csv,0,0.11859740351493858,2.9760053484602906,6.594880272567325
kanzi,enwik8.csv,1,0.1298188427368133,2.869802431118315,6.5297633069430745
kanzi,enwik8.csv,2,0.12570856182916235,3.2022967585089113,8.649685323473076
kanzi,enwik8.csv,3,0.13005345620175623,3.1119442463533247,7.833245907079521
kanzi,enwik8.csv,4,0.11637261453991131,3.2561517017828217,9.8778431302914
kanzi,fannie_mae_500k.csv,0,0.13095179760445969,2.0221619124797416,5.757539566904721
kanzi,fannie_mae_500k.csv,1,0.12914405018000288,1.8529090761750415,5.247001364555139
kanzi,fannie_mae_500k.csv,2,0.126939229474381,2.167597082658017,6.424615796273286
kanzi,fannie_mae_500k.csv,3,0.15001193251176392,2.2600233387358144,6.422524514073375
kanzi,fannie_mae_500k.csv,4,0.13109714682081725,2.2540113452188044,7.750187612255219
kanzi,large.csv,0,0.10071828732546215,0.3561103727714748,0.7556873950648949
kanzi,large.csv,1,0.10770427329348548,0.3438072933549438,0.6814059448087807
kanzi,large.csv,2,0.10231980447485307,0.3767432739059963,0.9064827191924213
kanzi,large.csv,3,0.10152724170214793,0.36171118314424805,0.8284088559849152
kanzi,large.csv,4,0.10167076708218997,0.3787006482982179,1.0102751696822503
kanzi,misc.csv,0,0.09302808676521956,0.07230648298217175,0.1258086706898436
kanzi,misc.csv,1,0.09162667253047108,0.07205753646677471,0.1277588643617913
kanzi,misc.csv,2,0.09089832914647757,0.07348314424635334,0.1269374780698585
kanzi,misc.csv,3,0.08862325176961025,0.07293435980551051,0.12366838218407286
kanzi,misc.csv,4,0.09293444806216643,0.07565931928687199,0.13098576239949764
kanzi,silesia.csv,0,0.11355540467080708,5.589526904376006,13.19630040697582
kanzi,silesia.csv,1,0.12910618448170286,5.712209238249608,12.947354036527958
kanzi,silesia.csv,2,0.11919892810770472,6.582023824959483,16.73972852161801
kanzi,silesia.csv,3,0.12548306003253762,6.1099270664505685,15.215185975318658
kanzi,silesia.csv,4,0.11033993243035502,6.192837763371155,18.38534239892575
kanzi,vmlinux.csv,0,0.12590055356891747,11.392226256077796,39.44037575034943
kanzi,vmlinux.csv,1,0.12776451839026914,10.823105024311182,40.40163772235671
kanzi,vmlinux.csv,2,0.125363858472429,13.83800777957859,45.92207044034247
kanzi,vmlinux.csv,3,0.12268199466667164,12.945187844408416,43.71494782132498
kanzi,vmlinux.csv,4,0.12597008933171128,12.934519124797422,44.30214686461711
lrzip,ambivert.wav.tar.csv,0,2.7431934405627905,32.305407017543864,54.31232446478812
lrzip,ambivert.wav.tar.csv,1,4.400909793365592,35.79661754385965,56.18107358362888
lrzip,ambivert.wav.tar.csv,2,4.579921835100687,37.26146315789474,55.56499056364128
lrzip,ambivert.wav.tar.csv,3,5.26559754522686,37.36671578947368,51.66369322239987
lrzip,ambivert.wav.tar.csv,4,5.204021915221089,28.049785964912278,41.39659306441839
lrzip,artificl.tar.csv,0,15.850373616231714,2.305845614035088,2.6903274979667047
lrzip,artificl.tar.csv,1,29.284371497346783,2.6730280701754388,3.01116029801651
lrzip,artificl.tar.csv,2,36.806787628846706,2.419280701754386,2.839975518426727
lrzip,artificl.tar.csv,3,25.863192606886056,2.2394105263157895,2.581568378181773
lrzip,artificl.tar.csv,4,26.47040015922426,2.3291333333333335,2.6168643575785335
lrzip,deepfield.tar.csv,0,2.540030632595623,31.047354385964912,52.90017711001427
lrzip,deepfield.tar.csv,1,4.2041841693520885,34.24035789473684,53.40723554416737
lrzip,deepfield.tar.csv,2,4.298685335877445,35.25218245614036,53.563362012126404
lrzip,deepfield.tar.csv,3,5.24235878931568,36.520912280701765,49.44904391899257
lrzip,deepfield.tar.csv,4,5.207352531421223,27.513649122807017,40.617657452972566
lrzip,enwik8.tar.csv,0,2.021768911700128,41.68593333333333,64.28712811687178
lrzip,enwik8.tar.csv,1,2.7685180324037857,44.097410526315784,63.84553000004516
lrzip,enwik8.tar.csv,2,3.0281972185539208,44.3303649122807,61.42572096075121
lrzip,enwik8.tar.csv,3,3.518126175219061,47.57234736842105,60.49202929844152
lrzip,enwik8.tar.csv,4,3.2362946496748597,36.921249122807005,49.429167692599854
lrzip,fannie_mae_500k.tar.csv,0,0.2516578068132467,11.416814035087716,17.195838022890126
lrzip,fannie_mae_500k.tar.csv,1,0.29049856975704835,12.324796491228078,17.451882873715807
lrzip,fannie_mae_500k.tar.csv,2,0.3035084391835886,12.678656140350883,17.6478377759917
lrzip,fannie_mae_500k.tar.csv,3,0.31970620719385445,13.118600000000018,16.822708037816458
lrzip,fannie_mae_500k.tar.csv,4,0.257951291762483,9.785575438596505,13.230501424744858
lrzip,large.tar.csv,0,1.5391782108575283,4.493673684210527,6.098042593684137
lrzip,large.tar.csv,1,2.0276682784090188,4.808456140350877,6.2888582676170595
lrzip,large.tar.csv,2,2.847301959996914,5.535298245614035,6.9199966940464686
lrzip,large.tar.csv,3,2.5385929036220483,5.209522807017544,6.530615441081969
lrzip,large.tar.csv,4,2.536323507162422,4.621256140350878,5.752374668030893
lrzip,misc.tar.csv,0,3.305043728965027,2.2571438596491236,2.708111285904275
lrzip,misc.tar.csv,1,5.855742476949277,2.711435087719298,3.156142417461266
lrzip,misc.tar.csv,2,7.268052111089072,2.616052631578947,3.0372472512561695
lrzip,misc.tar.csv,3,5.541738371916171,2.3011614035087713,2.7060903304382182
lrzip,misc.tar.csv,4,5.61834574760861,2.3842350877192984,2.692425255246229
lrzip,silesia.tar.csv,0,2.4078593712660536,70.76102807017543,109.91295104690482
lrzip,silesia.tar.csv,1,3.2229268478219244,74.88943859649123,108.86121553864619
lrzip,silesia.tar.csv,2,3.3131491323697126,75.84544210526316,108.69742291986343
lrzip,silesia.tar.csv,3,4.088449375834217,79.86089824561402,102.76891081777738
lrzip,silesia.tar.csv,4,3.735129003316031,61.96192631578946,83.51704206696222
lrzip,uiq-32.bin.csv,0,3.942377168256461,117.56071228070176,179.16130863232837
lrzip,uiq-32.bin.csv,1,5.273143734130265,129.70385263157894,185.1739900726995
lrzip,uiq-32.bin.csv,2,5.354411500561906,124.9849403508772,175.97799993066914
lrzip,uiq-32.bin.csv,3,7.056354386447788,132.11197543859646,168.74661147765153
lrzip,uiq-32.bin.csv,4,6.342454711061621,104.3694245614035,140.1218959073623
lrzip,uiq2-16.bin.csv,0,3.5061232818287085,64.46318947368421,97.30580419440918
lrzip,uiq2-16.bin.csv,1,4.7634839443431005,70.55159649122805,103.69311657502683
lrzip,uiq2-16.bin.csv,2,5.0811342075142205,70.69075087719298,99.97929945663752
lrzip,uiq2-16.bin.csv,3,6.06321276650936,74.36974736842105,97.51424581279339
lrzip,uiq2-16.bin.csv,4,5.6609942212158835,57.094792982456134,74.6032724444938
lrzip,uiq2-4.bin.csv,0,1.9739875654056107,15.850922807017543,25.635306628752765
lrzip,uiq2-4.bin.csv,1,3.1804394441268555,17.192796491228066,26.302097672319036
lrzip,uiq2-4.bin.csv,2,3.7391731774870722,17.57834385964912,24.83707902290798
lrzip,uiq2-4.bin.csv,3,3.812442936213527,17.882901754385962,23.974913273801757
lrzip,uiq2-4.bin.csv,4,3.9855297362702595,13.904012280701757,19.890192364296368
lrzip,uiq2-8.bin.csv,0,2.707700531158864,32.499726315789474,50.35128569012335
lrzip,uiq2-8.bin.csv,1,3.8374648279780392,34.52913684210527,51.083483532948804
lrzip,uiq2-8.bin.csv,2,4.133657677800138,34.95025614035088,50.42176287338285
lrzip,uiq2-8.bin.csv,3,4.629989093014088,36.69172631578948,48.58502879089329
lrzip,uiq2-8.bin.csv,4,4.4045353265294125,27.800231578947365,38.76367403420599
lrzip,vmlinux-5.10.tar.csv,0,1.270725905797962,9.821442105263156,15.12512991132261
lrzip,vmlinux-5.10.tar.csv,1,1.9809740234101818,10.828245614035085,15.83522682491448
lrzip,vmlinux-5.10.tar.csv,2,2.329885331823286,11.471031578947363,16.09584360427664
lrzip,vmlinux-5.10.tar.csv,3,2.289727631628416,11.606238596491231,15.304792711102774
lrzip,vmlinux-5.10.tar.csv,4,2.262756376756594,8.74858947368421,12.179382002009673
x264,blue_sky_1080p25_short.y4m.csv,0,0.22306540777481798,2.204445662282043,4.948738088072147
x264,blue_sky_1080p25_short.y4m.csv,1,0.2507604496160066,2.6163422076068135,5.675856736211441
x264,blue_sky_1080p25_short.y4m.csv,2,0.24760879554643678,2.1822421800754563,5.090159005200859
x264,blue_sky_1080p25_short.y4m.csv,3,0.2556936464695396,2.345064625777506,5.306844267243708
x264,blue_sky_1080p25_short.y4m.csv,4,0.2568429196613601,2.4831718491893553,5.5881416859164785
x264,Johnny_1280x720_60_short.y4m.csv,0,0.23167391156950623,1.7745737557356984,4.162349440416706
x264,Johnny_1280x720_60_short.y4m.csv,1,0.26081791015731526,2.129605503211992,4.71445740126439
x264,Johnny_1280x720_60_short.y4m.csv,2,0.25625947323490367,1.7282079549471459,4.1868137098936655
x264,Johnny_1280x720_60_short.y4m.csv,3,0.2631620025462383,1.8519792444172527,4.340425440535628
x264,Johnny_1280x720_60_short.y4m.csv,4,0.2651120218171076,1.9992687468135004,4.628572091810631
x264,Netflix_Crosswalk_4096x2160_60fps_10bit_420_short.y4m.csv,0,0.22101282843571624,6.124403610176401,13.649115663576245
x264,Netflix_Crosswalk_4096x2160_60fps_10bit_420_short.y4m.csv,1,0.24250026043421918,7.1207522167839326,15.455511229756349
x264,Netflix_Crosswalk_4096x2160_60fps_10bit_420_short.y4m.csv,2,0.24121758621305261,6.038944109564597,13.987057804777999
x264,Netflix_Crosswalk_4096x2160_60fps_10bit_420_short.y4m.csv,3,0.24854362701941557,6.331747722035281,14.352231576165687
x264,Netflix_Crosswalk_4096x2160_60fps_10bit_420_short.y4m.csv,4,0.251825142012741,6.845480904965835,15.349723610326922
x264,pedestrian_area_1080p25_short.y4m.csv,0,0.22040643770411597,2.575923151830326,5.72066256896485
x264,pedestrian_area_1080p25_short.y4m.csv,1,0.252119840668712,3.063292763077394,6.59601864219229
x264,pedestrian_area_1080p25_short.y4m.csv,2,0.2403454969269392,2.502975105536862,5.820432432646769
x264,pedestrian_area_1080p25_short.y4m.csv,3,0.25311063627032176,2.7500310354848576,6.1114349377146
x264,pedestrian_area_1080p25_short.y4m.csv,4,0.2546998886778676,2.904312884419292,6.475495741722365
x264,riverbed_1080p25_short.y4m.csv,0,0.22734559981333882,5.141249310356546,11.450109914069717
x264,riverbed_1080p25_short.y4m.csv,1,0.25618017167155643,5.770756180279393,12.31140474146493
x264,riverbed_1080p25_short.y4m.csv,2,0.25135716749109005,4.827565357907617,11.296018406242071
x264,riverbed_1080p25_short.y4m.csv,3,0.25110774264621966,5.232567469664526,11.628280825807012
x264,riverbed_1080p25_short.y4m.csv,4,0.2565288044125062,5.58467181248088,12.4457276159533
x264,sd_bridge_close_cif_short.y4m.csv,0,0.17109395442868164,0.09822359895992659,0.2099831547126719
x264,sd_bridge_close_cif_short.y4m.csv,1,0.19164476578356968,0.11514681477516053,0.24353915034763038
x264,sd_bridge_close_cif_short.y4m.csv,2,0.18061029358081027,0.09615625012746003,0.21511023997059006
x264,sd_bridge_close_cif_short.y4m.csv,3,0.18185503850149592,0.09905041551952687,0.2157064709192498
x264,sd_bridge_close_cif_short.y4m.csv,4,0.18631291319244306,0.10920435607219335,0.23676074941284336
x264,sd_city_4cif_short.y4m.csv,0,0.22624044843569033,1.0163607374834303,2.3554059746921525
x264,sd_city_4cif_short.y4m.csv,1,0.25827312297199806,1.2219449005812175,2.710571491964653
x264,sd_city_4cif_short.y4m.csv,2,0.2457013611874448,0.9911167987152039,2.3781018058973875
x264,sd_city_4cif_short.y4m.csv,3,0.25260779361079755,1.0617142117874987,2.4403158662751427
x264,sd_city_4cif_short.y4m.csv,4,0.26372215845719277,1.155161340369124,2.6335713721110334
x264,sd_crew_cif_short.y4m.csv,0,0.1950248847930886,0.17426562200469062,0.3822122485864139
x264,sd_crew_cif_short.y4m.csv,1,0.2186757973601503,0.2012591003874784,0.4376902204718155
x264,sd_crew_cif_short.y4m.csv,2,0.21133773035294512,0.1658084211957446,0.38680322302418174
x264,sd_crew_cif_short.y4m.csv,3,0.21196457759199258,0.17891733064817644,0.3979457027679963
x264,sd_crew_cif_short.y4m.csv,4,0.22071802015591394,0.19376756806362808,0.4320630657822194
x264,sintel_trailer_2k_720p24_short.y4m.csv,0,0.17668095968525493,0.26503734424390746,0.5922349144071717
x264,sintel_trailer_2k_720p24_short.y4m.csv,1,0.1979003834418525,0.31750677628224744,0.6901706100761241
x264,sintel_trailer_2k_720p24_short.y4m.csv,2,0.19403895933301468,0.26549452941776297,0.596799486330758
x264,sintel_trailer_2k_720p24_short.y4m.csv,3,0.19530645620380768,0.2691569052717447,0.6073005595176374
x264,sintel_trailer_2k_720p24_short.y4m.csv,4,0.1964012730868186,0.2998274454471296,0.6727237306172258
xz,ambivert.wav.tar.csv,0,0.04933284745763243,1.0781064460317453,2.6251616246376064
xz,ambivert.wav.tar.csv,1,0.04552882903215576,1.0951585089947131,2.6044823714614176
xz,ambivert.wav.tar.csv,2,0.04934550345806224,1.0675130809523807,2.565417054875733
xz,ambivert.wav.tar.csv,3,0.048603855908606435,1.3348080571428569,3.35783134544395
xz,ambivert.wav.tar.csv,4,0.05088641639348875,1.4132928634920652,3.3956344323048366
xz,artificl.tar.csv,0,0.626897526455026,0.013693087830687827,0.016384216693978167
xz,artificl.tar.csv,1,0.6006401448412695,0.013641351322751316,0.016534322733090075
xz,artificl.tar.csv,2,0.6185712843915341,0.012984807539682537,0.015860417448833618
xz,artificl.tar.csv,3,0.5963646944444441,0.013174487698412693,0.016122366931444265
xz,artificl.tar.csv,4,0.5873891216931215,0.013053194047619041,0.015882147520832567
xz,deepfield.tar.csv,0,0.05197826908654325,0.7276421436507918,1.2044693464447942
xz,deepfield.tar.csv,1,0.04811855474200936,0.7513702658730157,1.5340142249032442
xz,deepfield.tar.csv,2,0.05435876976033685,0.812393486507936,1.6137006644974172
xz,deepfield.tar.csv,3,0.052661026697879955,0.828520677910052,1.6323671231680503
xz,deepfield.tar.csv,4,0.047938593446385375,0.7913684378306866,1.645560649235039
xz,enwik8.tar.csv,0,0.1580281062602079,19.45722265925925,69.18657931109631
xz,enwik8.tar.csv,1,0.13442223315556404,15.375507880952368,49.198394720644785
xz,enwik8.tar.csv,2,0.14344975869235982,18.35608622777776,66.22796037745364
xz,enwik8.tar.csv,3,0.14770716981543464,23.430923593386243,86.05867068730608
xz,enwik8.tar.csv,4,0.15741781953476153,21.962961019841277,70.39148428377287
xz,fannie_mae_500k.tar.csv,0,0.045420060244909334,1.8948901788359809,3.113999096660549
xz,fannie_mae_500k.tar.csv,1,0.0516103607958313,2.025920383068788,3.9442019801177475
xz,fannie_mae_500k.tar.csv,2,0.04789191178656198,1.9658647198412662,3.8550210181850755
xz,fannie_mae_500k.tar.csv,3,0.04135048130602552,1.8165496296296295,3.435995007783916
xz,fannie_mae_500k.tar.csv,4,0.04634311707106832,1.9110694087301605,2.944805919682991
xz,large.tar.csv,0,0.043211663709836576,0.20264301164021187,0.29703915757080235
xz,large.tar.csv,1,0.04138463312725256,0.19335457433862535,0.2770980630947025
xz,large.tar.csv,2,0.04679446817755559,0.20817946626984205,0.3247573342614311
xz,large.tar.csv,3,0.04244048250153097,0.21135578253968323,0.30186130718620735
xz,large.tar.csv,4,0.041803097211471574,0.2021205134920634,0.2912886745341131
xz,misc.tar.csv,0,0.09037213567638137,0.039760655026455,0.10187644386915559
xz,misc.tar.csv,1,0.08749551706699829,0.038974093518518514,0.10189513967294184
xz,misc.tar.csv,2,0.1016125271526189,0.044506970238095245,0.10876112202206369
xz,misc.tar.csv,3,0.08930826283816316,0.04076972817460307,0.0954270994314822
xz,misc.tar.csv,4,0.08860537656090642,0.041187480952380916,0.09878481002918736
xz,silesia.tar.csv,0,0.04500059945598567,4.667319532539673,9.225556928206451
xz,silesia.tar.csv,1,0.04708710033149103,4.9451221484126915,9.266377186344592
xz,silesia.tar.csv,2,0.048397020569591345,5.567368629761902,12.468754505651532
xz,silesia.tar.csv,3,0.04379615946564438,5.667049956349208,11.40793489316729
xz,silesia.tar.csv,4,0.044116804126640784,5.02601420873015,9.636143717629093
xz,uiq-32.bin.csv,0,0.13074462604729173,19.938711032539683,57.0356142332728
xz,uiq-32.bin.csv,1,0.12093954496559735,19.885069514285703,56.92067840439351
xz,uiq-32.bin.csv,2,0.1226913293987709,19.528845255158732,52.10469989486623
xz,uiq-32.bin.csv,3,0.12465697865455742,24.355254197089973,71.71648715039058
xz,uiq-32.bin.csv,4,0.12186349411245952,23.008430884126984,65.11160982774331
xz,uiq2-16.bin.csv,0,0.13935851293211643,10.39272072301587,32.99275506244696
xz,uiq2-16.bin.csv,1,0.13876477716555838,11.041502671164016,34.82360336574863
xz,uiq2-16.bin.csv,2,0.13802788190911228,10.320592710714287,33.179446210994314
xz,uiq2-16.bin.csv,3,0.13329024311177348,10.701554608730172,32.68201757645695
xz,uiq2-16.bin.csv,4,0.11990906947835318,10.209799399206359,36.21014460596894
xz,uiq2-4.bin.csv,0,0.049696295607872185,0.4568643801587307,0.739630613039975
xz,uiq2-4.bin.csv,1,0.04590343085045161,0.4812941044973537,0.9046135322441018
xz,uiq2-4.bin.csv,2,0.051953337471411225,0.536178273015873,0.9725949387784204
xz,uiq2-4.bin.csv,3,0.04618059815243107,0.5331927072751314,1.0065242940753085
xz,uiq2-4.bin.csv,4,0.048815529719843063,0.5355989615079357,1.0339071328348532
xz,uiq2-8.bin.csv,0,0.13560582647356592,3.7834105079365083,9.703430484411117
xz,uiq2-8.bin.csv,1,0.12275759558180145,4.145475441269841,12.431145602370421
xz,uiq2-8.bin.csv,2,0.1289033108622203,4.0160597658730195,10.802816817766548
xz,uiq2-8.bin.csv,3,0.1225734610025818,4.127949142857143,10.799971107606204
xz,uiq2-8.bin.csv,4,0.12915863943513764,4.603083960052911,14.94150177778075
xz,vmlinux-5.10.tar.csv,0,0.04341214291635756,0.3188075968253977,0.49348613763453497
xz,vmlinux-5.10.tar.csv,1,0.040021013985867916,0.3076264097883596,0.45676509628969203
xz,vmlinux-5.10.tar.csv,2,0.040645330351254026,0.30314884365079386,0.46534681318705307
xz,vmlinux-5.10.tar.csv,3,0.03651119300036644,0.29493231468253955,0.4374483473242142
xz,vmlinux-5.10.tar.csv,4,0.04043459424510741,0.31024653690476206,0.4564663367217124
z3,AUFNIRA_z3.637557.smt2.csv,0,0.007211690581476472,0.561273927392724,1.0585767857614736
z3,AUFNIRA_z3.637557.smt2.csv,1,0.00756691140835863,0.6426660066006596,1.215537644263013
z3,AUFNIRA_z3.637557.smt2.csv,2,0.007537846437600664,0.5257511551154957,1.0362099080771616
z3,AUFNIRA_z3.637557.smt2.csv,3,0.007179270376719012,0.6206811881188238,1.1957542187051637
z3,AUFNIRA_z3.637557.smt2.csv,4,0.007212287665876842,0.5831386138613848,1.127696830791937
z3,LRA_formula_277.smt2.csv,0,0.0068202997091010445,0.018700330033002345,0.03409721493035168
z3,LRA_formula_277.smt2.csv,1,0.006840268968319977,0.018706930693069085,0.03142249724852147
z3,LRA_formula_277.smt2.csv,2,0.006332901551876857,0.01806534653465266,0.03239220254133003
z3,LRA_formula_277.smt2.csv,3,0.006396380667064052,0.01784554455445462,0.03233413016608589
z3,LRA_formula_277.smt2.csv,4,0.006604728047011811,0.01805610561056114,0.03160418779954119
z3,QF_AUFBV_891_sqlite3.smt2.csv,0,0.05809914676286047,0.8631537953795375,2.4517357084103417
z3,QF_AUFBV_891_sqlite3.smt2.csv,1,0.20165505017751145,0.8333630363036278,1.9896227513459042
z3,QF_AUFBV_891_sqlite3.smt2.csv,2,0.1299920099636346,0.7453346534653384,2.2646354037856056
z3,QF_AUFBV_891_sqlite3.smt2.csv,3,0.041742487241531075,0.6762231023102322,2.0580869404030064
z3,QF_AUFBV_891_sqlite3.smt2.csv,4,0.04863369091015271,0.752363696369638,2.27358486566614
z3,QF_AUFLIA_swap_t1_pp_nf_ai_00010_002.cvc.smt2.csv,0,0.008333748117530206,0.07152607260725956,0.11575042914902901
z3,QF_AUFLIA_swap_t1_pp_nf_ai_00010_002.cvc.smt2.csv,1,0.008130910034314473,0.06819471947194888,0.10238713112721948
z3,QF_AUFLIA_swap_t1_pp_nf_ai_00010_002.cvc.smt2.csv,2,0.00849444634818542,0.0704653465346534,0.10403785741535351
z3,QF_AUFLIA_swap_t1_pp_nf_ai_00010_002.cvc.smt2.csv,3,0.008271910949745099,0.06956303630363014,0.1044067521810241
z3,QF_AUFLIA_swap_t1_pp_nf_ai_00010_002.cvc.smt2.csv,4,0.008698466292959976,0.07594653465346467,0.11135853966551298
z3,QF_BV_bench_3176.smt2.csv,0,0.016455478566554684,2.8146858085809208,7.213277809560002
z3,QF_BV_bench_3176.smt2.csv,1,0.01890192155355642,2.5316475247524743,6.587070546368658
z3,QF_BV_bench_3176.smt2.csv,2,0.01689737725225729,3.315455445544562,7.943502148999242
z3,QF_BV_bench_3176.smt2.csv,3,0.017599538422533197,2.8601491749175203,6.833197450420665
z3,QF_BV_bench_3176.smt2.csv,4,0.016161007918288704,2.7070587458745816,7.25684597384105
z3,QF_BV_bench_935.smt2.csv,0,0.013092717564736128,1.9704838283828194,4.720715579434322
z3,QF_BV_bench_935.smt2.csv,1,0.014293336164601744,1.777122772277237,4.486748023855501
z3,QF_BV_bench_935.smt2.csv,2,0.013020485909415926,2.1531399339933874,4.806407357497321
z3,QF_BV_bench_935.smt2.csv,3,0.013799572366727929,2.2113716171617166,4.976634223746376
z3,QF_BV_bench_935.smt2.csv,4,0.01271740932108276,1.6460415841584137,4.318271115802138
z3,QF_LIA_tightrhombus.csv,0,0.015907302686228083,0.02066798679868102,0.03595690122736552
z3,QF_LIA_tightrhombus.csv,1,0.012358476972637051,0.020318811881188927,0.031197446370912946
z3,QF_LIA_tightrhombus.csv,2,0.015985794972792906,0.02100198019802037,0.03573524574952418
z3,QF_LIA_tightrhombus.csv,3,0.01792052736690687,0.020971617161718505,0.035463974189966045
z3,QF_LIA_tightrhombus.csv,4,0.017467599327118156,0.02116963696369774,0.03536146958701162
z3,QF_LRA_clocksynchro_7clocks.worst_case_skew.induct.smt2.csv,0,0.0022909338268434754,0.03205126512651286,0.04930112802754944
z3,QF_LRA_clocksynchro_7clocks.worst_case_skew.induct.smt2.csv,1,0.002493033718216242,0.03522574257425995,0.05091866073455943
z3,QF_LRA_clocksynchro_7clocks.worst_case_skew.induct.smt2.csv,2,0.0023118122110104334,0.032442244224423565,0.04780045983456771
z3,QF_LRA_clocksynchro_7clocks.worst_case_skew.induct.smt2.csv,3,0.002448214064456205,0.03396435643564309,0.04869392789518228
z3,QF_LRA_clocksynchro_7clocks.worst_case_skew.induct.smt2.csv,4,0.0025202676637741703,0.03559273927393057,0.05021510035467944
z3,QF_NRA_hong_9.smt2.csv,0,0.004814492494450123,0.020025082508250858,0.03310181911984424
z3,QF_NRA_hong_9.smt2.csv,1,0.004615808118654801,0.019687128712871323,0.03391288003610464
z3,QF_NRA_hong_9.smt2.csv,2,0.004828134899963755,0.020362376237624213,0.0376870472623313
z3,QF_NRA_hong_9.smt2.csv,3,0.004600233424189584,0.019777557755775853,0.03206092591141192
z3,QF_NRA_hong_9.smt2.csv,4,0.004679840017079392,0.01946534653465386,0.03102745297770748
z3,QF_RDL_orb08_888.smt2.csv,0,0.008156431961260412,0.0818066006600671,0.10724538163104398
z3,QF_RDL_orb08_888.smt2.csv,1,0.007518871892947031,0.074089108910892,0.09777793726859882
z3,QF_RDL_orb08_888.smt2.csv,2,0.008139511820688021,0.08204356435643716,0.10698791764237849
z3,QF_RDL_orb08_888.smt2.csv,3,0.007946759372988452,0.07833795379537989,0.10226263089011345
z3,QF_RDL_orb08_888.smt2.csv,4,0.008045820885531877,0.08216237623762385,0.10677300186560697
z3,QF_UFLIA_xs_23_43.smt2.csv,0,0.010326970996388598,0.3258851485148572,0.5744165947206235
z3,QF_UFLIA_xs_23_43.smt2.csv,1,0.010142072630197153,0.30906534653465034,0.5260047888449129
z3,QF_UFLIA_xs_23_43.smt2.csv,2,0.01136455266871315,0.3759933993399371,0.8218733974598261
z3,QF_UFLIA_xs_23_43.smt2.csv,3,0.011323955230713069,0.35272409240924446,0.75064995933668
z3,QF_UFLIA_xs_23_43.smt2.csv,4,0.009755216520333752,0.3144013201320144,0.6441215739130294
z3,QF_UF_PEQ018_size6.smt2.csv,0,0.010551521682310471,0.67041320132012,1.2780650815741905
z3,QF_UF_PEQ018_size6.smt2.csv,1,0.009601226293761566,0.5534561056105247,1.0257482075765132
z3,QF_UF_PEQ018_size6.smt2.csv,2,0.010369842829450391,0.6436600660065636,1.2137751699965675
z3,QF_UF_PEQ018_size6.smt2.csv,3,0.01046158288323165,0.7300198019801996,1.3461564127265753
z3,QF_UF_PEQ018_size6.smt2.csv,4,0.010978308889065603,0.710528712871292,1.3560362525699345
